关键词,标题,价格
耐克,Nike耐克袜子正品中筒毛巾底篮球袜运动袜长袜高筒棉薄款男女3双,79.00
耐克,nike耐克女鞋夏季REVOLUTION 8网面透气运动训练跑步鞋HJ8485-106,499.00
耐克,耐克男子透气公路专业跑步鞋春季缓震NIKE DOWNSHIFTER 13 FD6454,549.00
耐克,耐克男子透气专业跑步鞋夏季公路缓震NIKE REVOLUTION 8 HJ9198,499.00
耐克,Nike耐克2026女装春季加薄绒藏青色宽松垂感阔腿裤运动休闲长裤,219.00
耐克,正品NIKE耐克袜子男女薄袜四季款运动袜夏季三双装中低筒袜SX4706,94.00
耐克,NIKE耐克男子DOWNSHIFTER 14运动训练缓震跑步鞋IB1895-001,549.00
耐克,耐克男子缓震专业跑步鞋春季公路运动支撑NIKE QUEST 6 FD6033,599.00
耐克,耐克男子缓震专业跑步鞋春季公路运动支撑NIKE QUEST 6 FD6033,599.00
耐克,耐克男子透气运动鞋春季新款复古跑鞋风NIKE INITIATOR HJ7683,599.00
耐克,耐克透气滑板鞋夏季陆冲翻毛皮运动抓地NIKE SB FORCE 58 DV5477,599.00
耐克,Nike耐克男鞋AIR MONARCH IV银白复古老爹鞋运动跑步鞋415445-102,599.00
耐克,NIKE耐克男鞋AIR FORCE 1 '07 LV8 ESS+空军一号运动鞋IR7011-121,899.00
耐克,耐克男子透气公路专业跑步鞋夏季缓震NIKE RUN SWIFT 3 DR2695,599.00
耐克,耐克男子透气专业跑步鞋夏季公路缓震NIKE REVOLUTION 8 HJ9198,499.00
耐克,Nike耐克官方正品男子休闲鞋2026春季新款气垫老爹鞋男士运动鞋,399.00
耐克,耐克男子透气运动鞋夏季复古跑鞋风老爹鞋NIKE INITIATOR 394055,599.00
耐克,NIKE耐克官方正品旗舰店男鞋2026新款轻便白色运动鞋减震跑步鞋,423.00
耐克,滔搏NIKE耐克男鞋NIKE REAX 8 NSW SL运动休闲鞋IR5118-001,649.00
耐克,耐克男子透气公路专业跑步鞋夏季缓震NIKE RUN SWIFT 3 DR2695,599.00
耐克,耐克男子透气专业跑步鞋夏季公路缓震NIKE REVOLUTION 8 HJ9198,499.00
耐克,耐克飞马男子透气专业跑步鞋春季轻便公路NIKE PEGASUS 41 FD2722,949.00
耐克,GMT8 耐克复古SB Heritage Nike男子百搭休闲板鞋 德训鞋 CD5010,249.00
耐克,NIKE耐克男子SB FORCE 58时尚复古低帮运动休闲鞋DV5477-203,599.00
耐克,【自营】NIKE耐克男子Structure 26支撑跑鞋复古运动鞋HJ1102-001,899.00
耐克,NIKE耐克男子JOURNEY RUN透气运动训练公路跑步鞋FN0228-122,699.00
耐克,耐克轻便训练鞋夏季健身缓震老爹鞋NIKE AIR MONARCH 4 415445,599.00
耐克,耐克男子公路专业跑步鞋夏季缓震反光NIKE JOURNEY RUN FN0228,699.00
耐克,耐克马年限定脱缰系列新年款男运动鞋新款NIKE INITIATOR IQ9788,599.00
耐克,NIKE耐克大童运动健身夹克外套JD2612060GS-002,549.00
耐克,NIKE耐克官方正品休闲跑鞋男鞋2026新款轻便透气运动鞋男子跑步鞋,446.00
耐克,Nike耐克男鞋官方正品2026春季新款男士减震运动鞋轻便网面跑步鞋,411.00
耐克,Nike耐克RIVAL FLY 4 公路缓震跑鞋男子竞速训练运动跑步鞋FV6040,519.00
耐克,耐克男子透气公路专业跑步鞋夏季缓震运动NIKE RUN DEFY HM9594,499.00
耐克,耐克男子透气平底运动鞋夏季板鞋NIKE COURT VISION LOW DH2987,599.00
耐克,耐克男子透气专业跑步鞋夏季公路缓震NIKE REVOLUTION 8 HJ9198,499.00
耐克,耐克男子透气公路专业跑步鞋夏季缓震NIKE RUN SWIFT 3 DR2695,599.00
耐克,耐克男鞋BIG NIKE LOW灰白低帮复古休闲板鞋轻便运动鞋355152-106,599.00
耐克,耐克男子透气公路专业跑步鞋夏季缓震运动NIKE RUN DEFY HM9594,499.00
耐克,Nike耐克官方NIKE COURT VISION LOW 男子运动鞋HV4506,599.00
耐克,NIKE耐克女小童运动休闲印花梭织连帽夹克外套NY2612040PS-001,529.00
耐克,耐­­克aj男鞋烟灰dunk低帮板鞋黑白熊猫女运动鞋空军一号休闲鞋,128.00
耐克,NIKE官方OUTLETS 男女胶底滑板鞋情侣陆冲NIKE SB JANOSKI HF3060,649.00
耐克,NIKE耐克男鞋AIR FORCE 1 '07 LV8 ESS+空军一号运动鞋IR7011-121,899.00
耐克,耐克男轻便专业跑步鞋春季新款透气NIKE ZOOM RIVAL FLY 4 IO9565,699.00
耐克,Nike/耐克 男子夏季运动跑步训练速干透气圆领短袖T恤 AJ7566-100,149.00
耐克,奥莱nike牛皮纸购物袋礼品袋手提袋日常收纳袋,1.20
耐克,NIKE耐克儿童运动休闲双肩包JD2613016TD-002,249.00
彪马,Puma彪马 Speedcat OG黑红低帮麂皮运动休闲鞋赛车鞋398846-01-02,499.00
彪马,复古透气帆布休闲板鞋男女PUMA彪马官方新款春季运动鞋BARI399317,539.00
彪马,透气轻便休闲跑步鞋男女款PUMA彪马官方新款运动鞋SOFTRIDE377048,569.00
彪马,轻便透气休闲跑步鞋男女PUMA彪马新款黑色运动鞋TRANSPORT 378016,499.00
彪马,百亿补贴|经典复古T头德训鞋男女PUMA彪马官方春季休闲板鞋386607,699.00
彪马,休闲黑色短袖T恤男女情侣款PUMA彪马官方春季印花运动上衣 532279,47.50
彪马,日本直邮 TAD 女士长袖针织夹克 [527030]速干,1099.00
彪马,PUMA彪马小巧收纳腋下包饺子包秋女黑色斜跨单肩包 091845-04,299.00
彪马,PUMA/彪马正品春季男女通用户外时尚休闲运动帽 022416-38,79.00
彪马,PUMA彪马复古T7撞色插肩袖拉链外套2026春男宽松针织衫 637434-13,999.00
彪马,PUMA彪马男女款Speedcat OG黑粉复古薄底T头鞋情侣运动休闲赛车鞋,899.00
彪马,实战篮球鞋CLYDE HARDWOOD男女缓震防滑运动鞋311900彪马puma奥莱,969.00
彪马,日本直邮 Puma 凯奔 2.0 运动鞋 [392290]彪马经典篮球鞋板鞋,929.00
彪马,PUMA彪马男女街头休闲板鞋新款SKYE经典大LOGO厚底低帮情侣小白鞋,569.00
彪马,透气轻便老爹鞋复古跑鞋男女款PUMA彪马春季运动鞋MILENIO 380510,599.00
彪马,PUMA/彪马正品当季新款男女通用户外时尚休闲运动帽 022416-38,78.00
彪马,PUMA彪马复古T7系列白绿拼色夹克秋女经典针织外套 631965-92,599.00
彪马,W仓FG/AG飞盘训练足球鞋男女PUMA新款天然草坪钉鞋ULTRA5 107689,171.98
彪马,PUMA彪马男女鞋Speedcat OG赛车鞋复古德训鞋情侣款运动休闲板鞋,799.00
彪马,跑鞋运动鞋AVIATOR男鞋缓震回弹轻便透气377977彪马puma官方奥莱,699.00
彪马,PUMA彪马春季男士FERRARI法拉利赛车系列黑色运动外套634227-01,999.00
彪马,中帮经典复古板鞋REBOUND男女潮酷休闲鞋392326彪马puma官方奥莱,639.00
彪马,日本直邮日本直邮 PUMA W T7 BABY短款短袖T恤 [631899]彪马运动,679.00
彪马,经典百搭休闲小白鞋男女PUMA彪马新款春季板鞋运动鞋CAVEN 395080,599.00
彪马,日本直邮PUMA 彩色拼接套装上下套装 [687790 16 NVY(Jr)] 运动套,779.00
彪马,日本直邮 Puma Pressing IV 足球室内足球鞋 [10741905]彪马,939.00
彪马,PUMA彪马男鞋女鞋官方正品春季灰色情侣网面缓震运动跑步鞋男,235.00
彪马,日本直邮日本直邮 PUMA M TEAM CREW FL SWEAT 卫衣 [625207]彪马,829.00
彪马,Puma彪马短裤男百搭春季新款宽松透气五分裤运动裤  628039-65,299.00
彪马,ROSE朴彩英同款SPEEDCAT薄底T头鞋男女PUMA彪马红色休闲鞋 406329,799.00
彪马,缓震防滑透气实战篮球鞋CLYDE HARDWOOD男女193663彪马puma奥莱,969.00
彪马,PUMA彪马夏季新款Moto男女赛车风休闲运动夹克梭织外套638606-91,699.00
彪马,PUMA彪马外套男女同款【刘宪华同款】赛车风运动外套 638606-91,699.00
彪马,日本直邮PUMA 跑步经典款腰包 0.8L [090425 09 LVD] 男女通用腰,829.00
彪马,百亿补贴|复古跑鞋男女PUMA彪马官方春季休闲运动鞋RIDERFV391925,699.00
彪马,防滑缓震跑步鞋SOFTRIDE男轻便透气运动鞋377671彪马puma官方奥莱,559.00
彪马,【自营】PUMA彪马男女鞋薄底赛车鞋复古百搭运动休闲鞋406329-52,799.00
彪马,日本直邮PUMA 跑步经典款腰包 0.8L [090425 09 LVD] 男女通用腰,829.00
彪马,日本直邮 PUMA W T7 LOW RISE TRACK PANTS OP长裤 [631907]裤子,972.00
彪马,黑色休闲跑步鞋男女款PUMA彪马官方新款春运动鞋SKYROCKET 310100,499.00
彪马,经典百搭透气小白鞋男女PUMA彪马新款冬季休闲板鞋SHUFFLE 309668,499.00
彪马,彪马Puma 夏季新款男子大LOGO印花运动休闲复古足球短袖T恤634531,179.00
彪马,复古跑鞋|透气老爹鞋男女款PUMA彪马春季运动休闲鞋MILENIO392322,639.00
彪马,PUMA彪马跑步鞋男鞋2026春季新款Voltaic Evo男士缓震休闲运动鞋,352.00
彪马,网面透气黑色跑步鞋男女PUMA彪马官方新款低帮运动鞋FLYER 195201,439.00
彪马,缓震轻便复古跑鞋RUNTAMED男女运动休闲鞋401605彪马puma官方奥莱,599.00
彪马,慢跑训练运动鞋SKYROCKET男女缓震防滑跑步鞋310100puma官方奥莱,499.00
彪马,【自营】Puma彪马新款赛车鞋Speedcat 复古红色薄底休闲鞋406329,1219.00
亚瑟士,ASICS亚瑟士GEL-CONTEND 4男女减震跑鞋网面时尚透气舒适运动鞋,550.00
亚瑟士,ASICS亚瑟士GEL-CONTEND 4男子黑武士跑鞋减震回弹透气专业运动鞋,550.00
亚瑟士,ASICS亚瑟士跑步鞋男GEL-CONTEND 4网面透气缓震轻量跑鞋运动鞋,550.00
亚瑟士,ASICS亚瑟士跑步鞋GEL-CONTEND 7男子减震回弹跑鞋舒适轻便运动鞋,550.00
亚瑟士,ASICS亚瑟士男女越野跑鞋GEL-KAHANA 8户外登山鞋透气运动休闲鞋,750.00
亚瑟士,【百亿补贴】ASICS亚瑟士GEL-CONTEND 9男子缓震跑步鞋透气运动鞋,550.00
亚瑟士,ASICS亚瑟士GEL-EXCITE 11男子回弹透气运动鞋缓震跑步鞋1011C259,690.00
亚瑟士,亚瑟士Asics Gel-Contend 4  防滑耐磨 舒适透气跑步鞋 T8D4Q,302.00
亚瑟士,ASICS亚瑟士GEL-EXALT 2情侣缓震回弹跑步鞋复古减震透气运动鞋,690.00
亚瑟士,ASICS亚瑟士GEL-FLUX 4男子黑武士跑鞋缓震舒适透气网面运动鞋,690.00
亚瑟士,ASICS亚瑟士GEL-KAHANA 8情侣户外徒步登山鞋越野跑鞋运动休闲鞋,750.00
亚瑟士,ASICS亚瑟士男鞋入门缓震回弹跑步鞋户外透气运动鞋GEL-CONTEND 9,550.00
亚瑟士,ASICS亚瑟士冬季男子运动鞋GEL-CONTEND 4缓震回弹透气舒适跑步鞋,326.00
亚瑟士,ASICS亚瑟士GEL-VENTURE 6男子户外抓地越野跑鞋耐磨透气运动鞋,650.00
亚瑟士,ASICS亚瑟士新款GEL-KAHANA 8 FL越野跑鞋男女耐磨缓震透气运动鞋,790.00
亚瑟士,ASICS亚瑟士GEL-CONTEND  4男女跑步鞋减震透气轻便舒适运动鞋,550.00
亚瑟士,ASICSTIGER亚瑟士GEL-KAHANA 8男女户外登山鞋运动休闲鞋,750.00
亚瑟士,ASICS亚瑟士跑鞋GEL-CONTEND 7男子缓震回弹透气运动鞋1011B730,550.00
亚瑟士,【百亿补贴】ASICS亚瑟士官方正品GEL-CONTEND 9男女跑步运动鞋,550.00
亚瑟士,ASICS亚瑟士GEL-PULSE 11男子减震回弹跑鞋舒适透气运动鞋,690.00
亚瑟士,ASICS亚瑟士GEL-CONTEND 4男子缓震回弹跑鞋透气舒适运动鞋,550.00
亚瑟士,ASICS亚瑟士休闲鞋GEL-170 TR情侣老爹鞋经典复古运动时尚休闲鞋,590.00
亚瑟士,ASICS亚瑟士GEL-FLUX 4男子减震回弹跑步鞋耐磨透气舒适运动鞋,690.00
亚瑟士,ASICS亚瑟士GEL-CONTEND 4男子缓震回弹跑鞋轻量透气舒适运动鞋,550.00
亚瑟士,ASICS亚瑟士新款GEL-SONOMA CN男女户外徒步鞋抓地回弹越野跑鞋,690.00
亚瑟士,ASICS亚瑟士新款GEL-EXALT 2 CN男子跑步鞋耐磨减震透气运动鞋,750.00
亚瑟士,ASICS亚瑟士GEL-CONTEND 7男子轻量透气缓震跑鞋舒适回弹运动鞋,550.00
亚瑟士,ASICS亚瑟士GEL-CONTEND 4男女黑武士跑鞋情侣网面透气轻便运动鞋,550.00
亚瑟士,ASICS亚瑟士官方正品GEL-CONTEND 7男女跑步鞋缓震透气轻量运动鞋,550.00
亚瑟士,ASICS亚瑟士男鞋户外缓震跑步鞋轻量透气百搭运动鞋GEL-CONTEND 9,550.00
亚瑟士,Asics亚瑟士男子跑步鞋 新款夏季百搭缓震透气休闲运动鞋 T8D4Q,481.00
亚瑟士,ASICS亚瑟士情侣休闲鞋GEL-170 TR老爹鞋男女运动鞋1023A054-100,590.00
亚瑟士,ASICS亚瑟士GEL-FLUX 4男女透气网面跑步鞋减震回弹训练运动鞋,690.00
亚瑟士,Asics亚瑟士男女kahana8缓震户外跑步鞋复古老爹鞋时尚运动休闲鞋,798.00
亚瑟士,Asics亚瑟士GEL-TACTIC 13室内排球鞋防滑耐磨透气缓震训练鞋,699.00
亚瑟士,ASICS亚瑟士新款GEL-EXCITE 11男子跑步鞋缓震回弹透气舒适运动鞋,690.00
亚瑟士,ASICS亚瑟士新款GEL-KAHANA 8 FL男女越野跑鞋户外耐磨登山运动鞋,790.00
亚瑟士,ASICS亚瑟士GEL-KAHANA 8男女越野跑鞋户外徒步透气登山鞋运动鞋,750.00
亚瑟士,ASICS亚瑟士AARON 2.0情侣德训鞋足球休闲文化鞋男女板鞋薄底鞋,650.00
亚瑟士,ASICS亚瑟士新款ABLAZE火花跑鞋男子透气跑步鞋缓震回弹运动鞋,650.00
亚瑟士,ASICS亚瑟士新款GEL-KAHANA 8男子户外越野跑鞋耐磨透气运动鞋,750.00
亚瑟士,ASICS亚瑟士官方正品户外跑鞋GEL-KAHANA 8 FL男女运动越野休闲鞋,790.00
亚瑟士,ASICS亚瑟士德训鞋TSG-110情侣虎爪帆布鞋薄低板鞋复古运动休闲鞋,450.00
亚瑟士,Asics亚瑟士男女同款kahana8缓震户外跑步鞋休闲运动鞋复古老爹鞋,798.00
亚瑟士,ASICS亚瑟士GEL-CONTEND 7男女轻量舒适透气跑鞋网面运动休闲鞋,550.00
亚瑟士,ASICS亚瑟士官方GEL-CONTEND 4男缓震跑步运动鞋,550.00
亚瑟士,ASICS亚瑟士GEL-SONOMA CN男女户外登山越野跑鞋徒步鞋情侣运动鞋,690.00
亚瑟士,ASICS亚瑟士GEL-FLUX CN情侣缓震回弹跑鞋舒适时尚网面透气运动鞋,790.00
阿迪达斯,阿迪达斯速干帽子男女棒球帽春夏秋季薄款网眼透气运动跑步鸭舌帽,79.00
阿迪达斯,运动休闲遮阳软顶棒球帽男女adidas阿迪达斯官方,169.00
阿迪达斯,Adidas阿迪达斯三叶草男女NITEBALL 2.0复古耐磨运动休闲鞋GX7090,259.00
阿迪达斯,「驰步」VELOSTAR超轻透湿排汗缓震跑步鞋男女adidas阿迪达斯,699.00
阿迪达斯,adidas阿迪达斯三叶草修身半截袖2026春女三条纹短袖T恤 KD3684,329.00
阿迪达斯,阿迪达斯春夏新款三叶草女常规版舒适无袖T恤运动背心KB6418,329.00
阿迪达斯,休闲舒适三条纹宽松梭织弯刀裤女装adidas阿迪达斯三叶草KS3324,849.00
阿迪达斯,运动可调节背带单肩云朵包挎包女子adidas阿迪达斯三叶草,469.00
阿迪达斯,明星同款新中式宽松夹克外套男女秋冬adidas阿迪达斯官方三叶草,1099.00
阿迪达斯,劲浪adidas阿迪达斯三叶草新款男子休闲短袖白色经典T恤KB2460,329.00
阿迪达斯,三双装撞色舒适健身袜子男女adidas阿迪达斯官方outlets,109.00
阿迪达斯,ADIZERO ADIOS 9超轻缓震马拉松薄底竞速跑鞋男adidas阿迪达斯,999.00
阿迪达斯,经典舒适波点漏斗领运动外套女装新款adidas阿迪达斯官方三叶草,799.00
阿迪达斯,奥莱撤柜阿迪达斯刺绣美式春秋季三叶草运动套装男女宽松情侣春装,959.00
阿迪达斯,运动休闲遮阳软顶棒球帽子男女adidas阿迪达斯官方JX5764,169.00
阿迪达斯,adidas阿迪达斯三叶草折叠邮差包春男女手提包腋下斜挎包 KW9636,429.00
阿迪达斯,休闲百搭遮阳软顶棒球帽男女adidas阿迪达斯官方IY7764,149.00
阿迪达斯,adidas阿迪达斯速干舒爽篮球运动衫2026春男撞色长袖T恤 IA8934,299.00
阿迪达斯,adidas阿迪达斯三叶草修身半截袖2026春女三条纹短袖T恤 KD3683,329.00
阿迪达斯,adidas阿迪达斯男裤官方新款休闲透气束脚针织纯棉运动长裤JN7430,235.00
阿迪达斯,大容量运动旅行包拎包男女adidas阿迪达斯官方outlets IP9863,329.00
阿迪达斯,马拉松舒适修身跑步运动短裤女装adidas阿迪达斯官方outlets,249.00
阿迪达斯,阿迪达斯三叶草男女款三条杠休闲外套夹克JL8396 8397 8399 8400,265.00
阿迪达斯,ADIDAS阿迪达斯正品时尚百搭运动休闲立领夹克外套 H46099,400.00
阿迪达斯,adidas阿迪达斯POLO衫女春新款休闲复古运动长袖T恤 JM8011,499.00
阿迪达斯,adidas阿迪达斯梭织外套26春女宽松休闲防风户外连帽夹克 KS2807,699.00
阿迪达斯,adidas阿迪达斯三叶草珠地布针织夹克男女全开襟高领外套 KY8454,1099.00
阿迪达斯,劲浪adidas阿迪达斯三叶草新款男子休闲短袖白色经典T恤KB2460,329.00
阿迪达斯,adidas阿迪达斯春新款男女运动休闲鞋德训鞋复古T头鞋 JP8570,499.00
阿迪达斯,adidas阿迪达斯三叶草修身挂脖背心2026夏女潮流健身吊带衫KT3049,399.00
阿迪达斯,adidas阿迪达斯三条纹舞动系列拒水连帽外套春女梭织夹克 KR7602,599.00
阿迪达斯,阿迪达斯 （adidas）|（新款）2025冬男跑步鞋 JS4946,999.00
阿迪达斯,田径小将巴黎阿迪达斯Adidas Finesse小蝉翼2代男女厚底短跑钉鞋,1299.00
阿迪达斯,adidas阿迪达斯男女小童拼色学生书包2026春运动风双肩包 KE0412,199.00
阿迪达斯,日本直邮adidas 三条纹 AEROREADY 棒球帽 [MKD80] 白色,689.00
阿迪达斯,滔搏adidas阿迪达斯三叶草女子运动休闲针织开衫外套KR5038,849.00
阿迪达斯,adidas阿迪达斯三叶草女子运动休闲短裤裤子KE0197,469.00
阿迪达斯,adidas阿迪达斯女鞋VL COURT 3.0运动鞋网球鞋板鞋T头鞋JS0504,499.00
阿迪达斯,adidas阿迪达斯官方运动2026春女运动休闲鞋 HQ7401,499.00
阿迪达斯,adidas阿迪达斯三叶草复古风大容量书包2026春女经典双肩包KW4750,899.00
阿迪达斯,阿迪达斯鞋子男鞋官网旗舰黑武士运动鞋轻便bounce透气跑步鞋,258.00
阿迪达斯,阿迪达斯「T头鞋」SAMBA OG经典运动板鞋德训鞋男女B75806,899.00
阿迪达斯,【自营】Adidas/阿迪达斯 三叶草OZWEEGO 男女经典复古运动老爹鞋,3099.00
阿迪达斯,【自营】阿迪达斯春新款女鞋厚底运动休闲鞋老爹鞋舒适 JQ4110,699.00
阿迪达斯,阿迪达斯 （adidas）|（新款）2026春男短袖T恤 KG6321,329.00
阿迪达斯,adidas阿迪达斯MINI迷你小巧轻便书包秋女Q萌双肩背包KE4021,199.00
阿迪达斯,adidas阿迪达斯三叶草教练夹克棒球服男女潮流早春薄外套 KS2891,1199.00
阿迪达斯,adidas阿迪达斯男女板鞋运动秋GAZELLE INDOOR三叶草T头鞋 JI3526,899.00
